group1	group2	p_value	p_adj_bh
landrace	wild	3.56618563717236e-13	1.06985569115171e-12
improved	wild	5.41941080959085e-09	8.12911621438628e-09
improved	landrace	0.714016645616239	0.714016645616239
