sub	n	median_abs	mean_abs	median_chr_rows
wild	20	61255.433756	60757.5372942	10
landrace	26	76571.9943995	76758.3964337308	10
improved	1110	76505.8414015	72222.0792071748	10
