sub	n	median_abs	mean_abs	median_chr_rows
wild	49	317837.8815843	326129.12469509	10
landrace	101	212520.5614754	207346.57496583	10
improved	128	170324.16655555	174217.125457382	10
