sub	n	median_abs	mean_abs	median_chr_rows
wild	26	19737.7988323	18027.6570115038	17
landrace	18	40529.35418035	42806.3148189056	17
improved	288	105545.4221146	104812.785522158	17
