chr	zss_cutoff_5pct
Chr01	-5.9814453
Chr02	-5.8046875
Chr03	-5.73617855
Chr04	-6.12265628
Chr05	-6.041992
Chr06	-6.201172
Chr07	-6.0955322
Chr08	-6.154297
Chr09	-6.0703125
Chr10	-6.1035156
