n_samples	median_abs	mean_abs	median_abs_per_ndel
400	76656.84623815	78326.7396977195	15.1145536973997
