sub	n_rows	n_samples	median_abs	mean_abs
improved	1024	128	17889.5159929	17524.6731936309
landrace	1010	101	21259.5270084	20734.657496583
wild	490	49	32078.5901168	32612.912469509
